product,price
 1$ sticky note,1
 $2.75 Target دفتر رصور,2.75
 0.42$ target دفتر صغير 48 ,0.42
 1$ 3D رسمة ,1
 4.5$ Lunch box +قنينة ,4.5
 50$ X-strong حقيبة,50
 7$ Mug حافظ حرارة ,7
 دفتر Enzo كبير48 $0.90,0.9
$0.70 Name tag 5 ورقة ,0.7
2.75$ lunch box خفيف,2.75
4.25$ panda + lunch box ثقيل,4.25
40$ Red rock حقيبة,40
آلة حاسبة $10 fx-991,10
آلة حاسبة $12 fx-991 2nd,12
آلة حاسبة $8 fx-95 ,8
أقلام تلوين ماء (12) $2,2
أقلام تلوين ماء (18) $3.75 ,3.75
أقلام تلوين ماء (24) $4,4
أقلام حبر ملون (12) $1.5,1.5
أقلام حبر ملون (24) $3,3
أقلام رصاص (كوفرت $1.50 -HB - Vneeds),1.5
أقلام رصاص ذهبي $2.5,2.5
أقلام لميع حبر (12) $2,2
أقلام لوح + ممحاة خفيف $1,1
أقلام لوح مشكل $0.50,0.5
أوراق كرتون $1.50,1.5
بيكار $1.50,1.5
تجليد دفاتر (24 حبة) $1,1
تجليد كتب $1.5,1.5
تلصيق سائل 50 مل $0.60 ,0.6
تلصيق شفاف $0.20,0.2
تلصيق شمع 21 غ $0.60,0.6
تلصيق شمع 36 غ $1,1
تلوين خشب 12 لون (كورفت - بطرين) $2,2
تلوين خشب 12 لون $1 (Vneeds + فيولين),1
تلوين خشب 12 لون قصير (طاووس) $0.80,0.8
تلوين خشب 24 لون $2.5,2.5
تلوين خشب 24 لون خفيف $2,2
تلوين خشب بعلبة 12 لون $2,2
تلوين شمع رفيع 12 لون $0.80,0.8
تلوين شمع رفيع 24 لون $1,1
تلوين شمع عريض 12 لون $1.5,1.5
حقيبة $11 sport - unliyo ابتدائي ,11
حقيبة أساتذة 3 طبقات $15,15
حقيبة أساتذة 5 طبقات $20,20
حقيبة أساتذة كتف واحد $10 ,10
حقيبة خفيف $10,10
حقيبة روضات $10 kg3 ,8
حقيبة روضات $8,15
حقيبة وسط $15,1
دفتر 72 ورقة $1,1
دفتر تعليم $1,0.4
دفتر رسم صغير $0.40,0.8
دفتر رسم كبير $0.80,2.25
دفتر رصور 120 مواضيع $2.25 ,1.5
دفتر رصور 120/مواضيع $1.50,1.75
دفتر رصور 144 $1.75,2.75
دفتر رصور 144 مواضيع $2.75,2
دفتر رصور 192 $2,3
دفتر رصور 192 مواضيع $3,3.25
دفتر رصور 240 مواضيع $3.25,3.75
دفتر رصور 288 مواضيع $3.75,0.6
دفتر رصور 40 $0.60,1
دفتر رصور 72 $1,1.25
دفتر رصور 96 $1.25,2
دفتر رصور 96 مواضيع $2,2.25
دفتر رصور جلد شفاف $2.25,0.25
دفتر صغير 48 ورقة $0.25 write ,2.5
دفتر فرو $2.5,1.5
دفتر مسابقات $1.5,1
ستكير نجوم $1,0.8
ستيكر تشجيعية $0.80,2
غليتر $2,0.3
قلم حبر $0.30 paino,0.5
قلم حبر $0.5 gel ,1
قلم حبرالماس+ميكي موس $1,1
قنينة رسومات $1,3
قنينة عادي محجر $3,3
قنينة فوتبول $3,0.5
كبسات $0.5,4
كوب لميع $4,1
كوركتر $1 tape,0.5
كوركتر ريشة $0.50,0.5
كوركتر قلم $0.50,1
مبراة بلاستيك أو حديد $1,0.5
مبراة بلاستيك راس واحد $0.50,0.6
مبراة حديد براسين $0.60,0.8
مبراة سطل (يلانغ -قلب) $0.80 ,0.3
مبراة شكل (دجاج - سمك) $0.30 ,0.5
محاية $0.50,0.2
محاية أشكال $0.20,0.8
محاية شفرة $0.80,1
محاية وبراية $1,1
مساطر شكل جلي $1,1.5
مساطر شكل مثلث $1.50,0.5
مسطرة 30 سم $0.50,0.5
مفكرة $0.5 ,1
مقص ثقيل $1,0.5
مقص خفيف $0.50,
مقلمة $2,2
مكبس بلا كباس $1.5,1.5
مكبس+ كباس $1,1
ملف جامعي 10 أوراق $1,3
ملف رصور $3,3
ملف شنتة $3,1
ملف كباس ثقيل $1,0.2
ملف كباس خفيف $0.20,0.5
ممحاة لوح $0.50,1
هايلاتر 4 $1,1.5
هايلاتر 6 $1.5,0.5
هايلاتر فلت $0.50,3.5
هندسة شفافة $3.50,1.5
هندسة ماكس $1.50,1
هندسة يلونغ,
ورقة $1 Name tag 12 ,1
